-- phpMyAdmin SQL Dump
-- version 4.2.5
-- http://www.phpmyadmin.net
--
-- Host: localhost:3306
-- Erstellungszeit: 24. Mrz 2015 um 13:53
-- Server Version: 5.5.41-cll-lve
-- PHP-Version: 5.5.21

SET SQL_MODE = "NO_AUTO_VALUE_ON_ZERO";
SET time_zone = "+00:00";


/*!40101 SET @OLD_CHARACTER_SET_CLIENT=@@CHARACTER_SET_CLIENT */;
/*!40101 SET @OLD_CHARACTER_SET_RESULTS=@@CHARACTER_SET_RESULTS */;
/*!40101 SET @OLD_COLLATION_CONNECTION=@@COLLATION_CONNECTION */;
/*!40101 SET NAMES utf8 */;

--
-- Datenbank: `bis_helper`
--

-- --------------------------------------------------------

--
-- Tabellenstruktur für Tabelle `bis`
--

CREATE TABLE IF NOT EXISTS `bis` (
`id` int(11) NOT NULL,
  `player` int(11) NOT NULL,
  `slot` varchar(150) NOT NULL,
  `item` int(11) NOT NULL,
  `obtained` int(7) NOT NULL
) ENGINE=InnoDB  DEFAULT CHARSET=utf8 AUTO_INCREMENT=651 ;

--
-- Daten für Tabelle `bis`
--

INSERT INTO `bis` (`id`, `player`, `slot`, `item`, `obtained`) VALUES
(93, 272, 'Head#1', 119308, 0),
(94, 272, 'Head#2', 113868, 0),
(95, 272, 'Neck#1', 113932, 0),
(96, 272, 'Neck#2', 113872, 0),
(97, 272, 'Shoulder#1', 119309, 20150319),
(98, 272, 'Shoulder#2', 113903, 0),
(99, 272, 'Back#1', 120078, 0),
(100, 272, 'Back#2', 113937, 0),
(101, 272, 'Chest#1', 119305, 20150319),
(102, 272, 'Chest#2', 113958, 0),
(103, 272, 'Wrist#1', 113887, 0),
(104, 272, 'Wrist#2', 113956, 0),
(105, 272, 'Hands#1', 119306, 0),
(106, 272, 'Hands#2', 113876, 0),
(107, 272, 'Waist#1', 113941, 0),
(108, 272, 'Waist#2', 113967, 0),
(109, 272, 'Legs#1', 113970, 0),
(110, 272, 'Legs#2', 113914, 0),
(111, 272, 'Feet#1', 113942, 0),
(112, 272, 'Feet#2', 113864, 0),
(113, 272, 'Ring-1#1', 113975, 0),
(114, 272, 'Ring-1#2', 113901, 0),
(115, 272, 'Ring-2#1', 1, 0),
(116, 272, 'Ring-2#2', 1, 0),
(117, 272, 'Trinket-1#1', 119192, 0),
(118, 272, 'Trinket-2#1', 113889, 0),
(119, 272, 'Weapon-1#1', 113960, 0),
(120, 272, 'Weapon-1#2', 113879, 0),
(121, 272, 'Weapon-2#1', 1, 0),
(122, 272, 'Weapon-2#2', 1, 0),
(123, 300, 'Weapon-1#1', 113934, 0),
(124, 300, 'Weapon-1#2', 1, 0),
(125, 300, 'Weapon-2#1', 113946, 0),
(126, 300, 'Weapon-2#2', 1, 0),
(127, 300, 'Head#1', 119308, 0),
(128, 300, 'Head#2', 1, 0),
(129, 300, 'Neck#1', 113890, 0),
(130, 300, 'Neck#2', 1, 0),
(131, 300, 'Shoulder#1', 119309, 20150315),
(132, 300, 'Back#1', 113945, 0),
(133, 300, 'Back#2', 1, 0),
(134, 300, 'Chest#1', 119305, 20150315),
(135, 300, 'Chest#2', 1, 0),
(136, 300, 'Wrist#1', 1, 0),
(137, 300, 'Wrist#2', 1, 0),
(138, 300, 'Hands#1', 113906, 20150315),
(139, 300, 'Hands#2', 113925, 0),
(140, 300, 'Waist#1', 113976, 0),
(141, 300, 'Waist#2', 1, 0),
(142, 300, 'Legs#1', 119307, 0),
(143, 300, 'Legs#2', 1, 0),
(144, 300, 'Feet#1', 113961, 0),
(145, 300, 'Feet#2', 1, 0),
(146, 300, 'Ring-1#1', 1, 0),
(147, 300, 'Ring-1#2', 1, 0),
(148, 300, 'Ring-2#1', 113957, 20150319),
(149, 300, 'Ring-2#2', 1, 0),
(150, 300, 'Trinket-1#1', 113986, 0),
(151, 300, 'Trinket-1#2', 1, 0),
(152, 300, 'Trinket-2#1', 1, 0),
(153, 300, 'Trinket-2#2', 1, 0),
(154, 299, 'Weapon-1#1', 113939, 20150315),
(155, 299, 'Weapon-1#2', 113897, 20150319),
(156, 299, 'Weapon-2#2', 113897, 20150319),
(157, 299, 'Head#1', 119321, 20150315),
(158, 299, 'Neck#1', 113865, 20150315),
(159, 299, 'Shoulder#1', 119322, 20150315),
(160, 299, 'Back#1', 113971, 0),
(161, 299, 'Chest#1', 113870, 0),
(162, 299, 'Chest#2', 119318, 0),
(163, 299, 'Wrist#1', 113935, 0),
(164, 299, 'Hands#1', 119319, 0),
(165, 299, 'Hands#2', 113949, 0),
(166, 299, 'Waist#1', 113964, 20150315),
(167, 299, 'Waist#2', 113907, 0),
(168, 299, 'Legs#1', 119320, 0),
(169, 299, 'Legs#2', 113989, 0),
(170, 299, 'Feet#1', 119342, 0),
(171, 299, 'Ring-1#1', 113877, 20150315),
(172, 299, 'Ring-2#1', 1, 0),
(173, 299, 'Trinket-1#1', 113931, 0),
(174, 299, 'Trinket-2#1', 113985, 0),
(175, 291, 'Weapon-1#1', 113973, 0),
(176, 291, 'Weapon-1#2', 1, 0),
(177, 291, 'Weapon-2#1', 1, 0),
(178, 291, 'Weapon-2#2', 1, 0),
(179, 291, 'Head#1', 119321, 0),
(180, 291, 'Head#2', 113880, 20150319),
(181, 291, 'Neck#1', 1, 0),
(182, 291, 'Neck#2', 1, 0),
(183, 291, 'Shoulder#1', 119322, 0),
(184, 291, 'Shoulder#2', 1, 0),
(185, 291, 'Back#1', 113878, 20150319),
(186, 291, 'Back#2', 1, 0),
(187, 291, 'Chest#1', 113870, 0),
(188, 291, 'Chest#2', 119318, 0),
(189, 291, 'Wrist#1', 1, 0),
(190, 291, 'Wrist#2', 1, 0),
(191, 291, 'Hands#1', 119319, 0),
(192, 291, 'Hands#2', 113949, 0),
(193, 287, 'Weapon-1#1', 1, 0),
(194, 287, 'Weapon-1#2', 1, 0),
(195, 287, 'Weapon-2#1', 1, 0),
(196, 287, 'Weapon-2#2', 1, 0),
(197, 287, 'Head#1', 1, 0),
(198, 287, 'Head#2', 1, 0),
(199, 287, 'Neck#1', 113872, 0),
(200, 287, 'Neck#2', 1, 0),
(201, 287, 'Shoulder#1', 1, 0),
(202, 287, 'Shoulder#2', 1, 0),
(203, 287, 'Back#1', 1, 0),
(204, 287, 'Back#2', 1, 0),
(205, 287, 'Chest#1', 119315, 0),
(206, 287, 'Wrist#1', 1, 0),
(207, 287, 'Wrist#2', 1, 0),
(208, 287, 'Hands#1', 119311, 0),
(209, 287, 'Hands#2', 113876, 0),
(210, 287, 'Waist#1', 113941, 0),
(211, 287, 'Waist#2', 113967, 0),
(212, 287, 'Legs#1', 119313, 0),
(213, 287, 'Legs#2', 1, 0),
(214, 287, 'Feet#1', 1, 0),
(215, 287, 'Feet#2', 1, 0),
(216, 287, 'Ring-1#1', 1, 0),
(217, 287, 'Ring-1#2', 1, 0),
(218, 287, 'Ring-2#1', 1, 0),
(219, 287, 'Ring-2#2', 1, 0),
(220, 287, 'Trinket-1#1', 113948, 0),
(221, 287, 'Trinket-1#2', 1, 0),
(222, 287, 'Trinket-2#1', 113984, 0),
(223, 287, 'Trinket-2#2', 1, 0),
(224, 287, 'Chest#2', 1, 0),
(225, 291, 'Waist#1', 1, 0),
(226, 291, 'Waist#2', 1, 0),
(227, 291, 'Legs#1', 119320, 0),
(228, 291, 'Legs#2', 113989, 0),
(229, 291, 'Feet#1', 113895, 0),
(230, 291, 'Feet#2', 1, 0),
(231, 291, 'Ring-1#1', 113901, 0),
(232, 291, 'Ring-1#2', 1, 0),
(233, 291, 'Ring-2#1', 1, 0),
(234, 291, 'Ring-2#2', 1, 0),
(235, 291, 'Trinket-1#1', 113889, 0),
(236, 291, 'Trinket-1#2', 113986, 0),
(237, 291, 'Trinket-2#1', 113984, 0),
(238, 291, 'Trinket-2#2', 119194, 0),
(239, 295, 'Weapon-1#1', 113988, 0),
(240, 311, 'Weapon-1#1', 113886, 0),
(241, 311, 'Weapon-1#2', 113913, 0),
(242, 311, 'Weapon-2#1', 113886, 0),
(243, 311, 'Weapon-2#2', 113913, 0),
(244, 311, 'Back#1', 113972, 0),
(245, 311, 'Chest#1', 119318, 0),
(246, 311, 'Head#1', 1, 0),
(247, 311, 'Shoulder#1', 1, 0),
(248, 311, 'Wrist#1', 113896, 0),
(249, 311, 'Hands#1', 119319, 0),
(250, 311, 'Hands#2', 113906, 20150319),
(251, 302, 'Weapon-1#1', 113988, 0),
(252, 302, 'Weapon-1#2', 113869, 20150319),
(253, 302, 'Weapon-2#1', 1, 0),
(254, 302, 'Weapon-2#2', 1, 0),
(255, 302, 'Head#1', 1, 0),
(256, 302, 'Head#2', 1, 0),
(257, 302, 'Neck#1', 113872, 0),
(258, 302, 'Neck#2', 1, 0),
(259, 302, 'Shoulder#1', 119314, 0),
(260, 302, 'Shoulder#2', 1, 0),
(261, 302, 'Back#1', 113937, 0),
(262, 302, 'Back#2', 1, 0),
(263, 302, 'Chest#1', 1, 0),
(264, 302, 'Chest#2', 1, 0),
(265, 302, 'Wrist#1', 113887, 0),
(266, 302, 'Wrist#2', 1, 0),
(267, 302, 'Hands#1', 119311, 0),
(268, 302, 'Hands#2', 1, 0),
(269, 302, 'Waist#1', 113941, 0),
(270, 302, 'Waist#2', 1, 0),
(271, 302, 'Legs#1', 119313, 0),
(272, 302, 'Legs#2', 1, 0),
(273, 302, 'Feet#1', 113864, 0),
(274, 302, 'Feet#2', 1, 0),
(275, 302, 'Ring-1#1', 1, 0),
(276, 302, 'Ring-1#2', 1, 0),
(277, 302, 'Ring-2#1', 1, 0),
(278, 302, 'Ring-2#2', 1, 0),
(279, 302, 'Trinket-1#1', 113984, 0),
(280, 302, 'Trinket-1#2', 1, 0),
(281, 302, 'Trinket-2#1', 1, 0),
(282, 302, 'Trinket-2#2', 1, 0),
(283, 311, 'Waist#1', 1, 0),
(284, 311, 'Waist#2', 1, 0),
(285, 311, 'Legs#1', 119320, 0),
(286, 311, 'Feet#1', 119342, 0),
(287, 311, 'Feet#2', 113961, 0),
(288, 279, 'Weapon-1#1', 113927, 0),
(289, 279, 'Weapon-2#1', 113926, 20150315),
(290, 279, 'Head#1', 113910, 0),
(291, 279, 'Head#2', 119321, 0),
(292, 279, 'Neck#1', 113952, 0),
(293, 279, 'Shoulder#1', 119322, 0),
(294, 279, 'Back#1', 1, 0),
(295, 279, 'Back#2', 113972, 0),
(296, 279, 'Chest#1', 119318, 0),
(297, 279, 'Chest#2', 113881, 0),
(298, 279, 'Wrist#1', 113871, 20150315),
(299, 279, 'Wrist#2', 113896, 0),
(300, 279, 'Hands#1', 119319, 0),
(301, 279, 'Hands#2', 113906, 20150319),
(302, 279, 'Waist#1', 113976, 0),
(303, 279, 'Waist#2', 113950, 20150315),
(304, 279, 'Legs#1', 119320, 0),
(305, 279, 'Legs#2', 1, 0),
(306, 279, 'Feet#1', 119341, 0),
(307, 279, 'Feet#2', 113936, 0),
(308, 279, 'Ring-1#1', 1, 0),
(309, 279, 'Ring-1#2', 113940, 0),
(310, 279, 'Ring-2#1', 1, 0),
(311, 279, 'Trinket-1#1', 113893, 0),
(312, 279, 'Trinket-1#2', 113983, 0),
(313, 279, 'Trinket-2#1', 113987, 0),
(314, 311, 'Neck#1', 1, 0),
(315, 311, 'Ring-1#1', 1, 0),
(316, 311, 'Trinket-1#1', 113969, 0),
(317, 279, 'Weapon-1#2', 113862, 0),
(318, 275, 'Weapon-1#1', 113979, 0),
(319, 275, 'Weapon-1#2', 113913, 0),
(320, 275, 'Head#1', 119312, 20150315),
(321, 275, 'Head#2', 113910, 0),
(322, 275, 'Neck#1', 113952, 0),
(323, 275, 'Neck#2', 113923, 0),
(324, 275, 'Shoulder#1', 119314, 0),
(325, 275, 'Back#1', 113883, 0),
(326, 275, 'Chest#1', 119315, 20150315),
(327, 275, 'Chest#2', 113881, 0),
(328, 275, 'Wrist#1', 113871, 0),
(329, 275, 'Wrist#2', 113896, 20150315),
(330, 275, 'Hands#1', 113925, 20150315),
(331, 275, 'Hands#2', 119311, 0),
(332, 275, 'Waist#1', 113976, 0),
(333, 275, 'Waist#2', 113950, 0),
(334, 275, 'Legs#1', 119313, 0),
(335, 275, 'Legs#2', 113921, 0),
(336, 275, 'Feet#1', 113936, 0),
(337, 275, 'Feet#2', 119341, 0),
(338, 275, 'Ring-1#1', 113908, 20150315),
(339, 275, 'Ring-1#2', 113922, 0),
(340, 275, 'Trinket-1#1', 113987, 0),
(341, 275, 'Trinket-1#2', 113905, 0),
(342, 275, 'Trinket-2#1', 113893, 0),
(343, 292, 'Weapon-1#1', 1, 0),
(344, 292, 'Weapon-1#2', 1, 0),
(345, 292, 'Weapon-2#1', 1, 0),
(346, 292, 'Weapon-2#2', 1, 0),
(347, 292, 'Head#1', 119312, 0),
(348, 292, 'Head#2', 113978, 0),
(349, 292, 'Neck#1', 113932, 0),
(350, 292, 'Neck#2', 113890, 0),
(351, 292, 'Shoulder#1', 1, 0),
(352, 292, 'Shoulder#2', 1, 0),
(353, 292, 'Back#1', 1, 0),
(354, 292, 'Back#2', 1, 0),
(355, 292, 'Chest#1', 1, 0),
(356, 292, 'Chest#2', 1, 0),
(357, 292, 'Wrist#1', 1, 0),
(358, 292, 'Wrist#2', 1, 0),
(359, 292, 'Hands#1', 119311, 0),
(360, 292, 'Hands#2', 113949, 0),
(361, 292, 'Waist#1', 1, 0),
(362, 292, 'Waist#2', 1, 0),
(363, 292, 'Legs#1', 119313, 0),
(364, 292, 'Legs#2', 113989, 0),
(365, 292, 'Feet#1', 113974, 0),
(366, 292, 'Feet#2', 113895, 0),
(367, 292, 'Ring-1#1', 113901, 0),
(368, 292, 'Ring-1#2', 113957, 20150319),
(369, 292, 'Ring-2#1', 1, 0),
(370, 292, 'Ring-2#2', 1, 0),
(371, 292, 'Trinket-1#1', 113986, 0),
(372, 292, 'Trinket-1#2', 119192, 0),
(373, 292, 'Trinket-2#1', 1, 0),
(374, 292, 'Trinket-2#2', 1, 0),
(375, 279, 'Neck#2', 113923, 0),
(376, 279, 'Shoulder#2', 113990, 0),
(377, 279, 'Ring-2#2', 113880, 0),
(378, 279, 'Trinket-2#2', 113969, 0),
(379, 279, 'Weapon-2#2', 1, 0),
(380, 307, 'Weapon-1#1', 1, 0),
(381, 307, 'Weapon-1#2', 1, 0),
(382, 307, 'Weapon-2#1', 113960, 0),
(383, 307, 'Weapon-2#2', 113879, 0),
(384, 307, 'Head#1', 1, 0),
(385, 307, 'Head#2', 113978, 0),
(386, 307, 'Neck#1', 1, 0),
(387, 307, 'Neck#2', 1, 0),
(388, 307, 'Shoulder#1', 119314, 0),
(389, 307, 'Shoulder#2', 113924, 0),
(390, 307, 'Back#1', 1, 0),
(391, 307, 'Back#2', 1, 0),
(392, 307, 'Chest#1', 119315, 0),
(393, 307, 'Chest#2', 1, 0),
(394, 307, 'Wrist#1', 113962, 0),
(395, 307, 'Wrist#2', 113935, 0),
(396, 307, 'Hands#1', 119311, 0),
(397, 307, 'Hands#2', 1, 0),
(398, 307, 'Waist#1', 113964, 0),
(399, 307, 'Waist#2', 1, 0),
(400, 307, 'Legs#1', 119313, 0),
(401, 307, 'Legs#2', 113989, 0),
(402, 307, 'Feet#1', 1, 0),
(403, 307, 'Feet#2', 1, 0),
(404, 307, 'Ring-1#1', 113975, 0),
(405, 307, 'Ring-1#2', 1, 0),
(406, 307, 'Ring-2#1', 1, 0),
(407, 307, 'Ring-2#2', 1, 0),
(408, 307, 'Trinket-1#1', 119194, 0),
(409, 307, 'Trinket-1#2', 1, 0),
(410, 307, 'Trinket-2#1', 1, 0),
(411, 307, 'Trinket-2#2', 1, 0),
(412, 310, 'Weapon-1#1', 113913, 0),
(413, 310, 'Weapon-1#2', 113886, 0),
(414, 310, 'Weapon-2#1', 1, 0),
(415, 310, 'Weapon-2#2', 1, 0),
(416, 310, 'Head#1', 119312, 20150319),
(417, 310, 'Head#2', 1, 0),
(418, 310, 'Neck#1', 113959, 20150319),
(419, 310, 'Neck#2', 1, 0),
(420, 310, 'Shoulder#1', 1, 0),
(421, 310, 'Shoulder#2', 113990, 0),
(422, 310, 'Back#1', 113972, 0),
(423, 310, 'Back#2', 1, 0),
(424, 310, 'Chest#1', 119315, 0),
(425, 310, 'Chest#2', 113977, 0),
(426, 310, 'Wrist#1', 119331, 0),
(427, 310, 'Wrist#2', 113896, 0),
(428, 310, 'Hands#1', 119311, 0),
(429, 310, 'Hands#2', 113906, 0),
(430, 310, 'Waist#1', 1, 0),
(431, 310, 'Waist#2', 1, 0),
(432, 310, 'Legs#1', 113921, 0),
(433, 310, 'Legs#2', 119313, 0),
(434, 310, 'Feet#1', 113936, 0),
(435, 310, 'Feet#2', 1, 0),
(436, 310, 'Ring-1#1', 1, 0),
(437, 310, 'Ring-1#2', 1, 0),
(438, 310, 'Ring-2#1', 1, 0),
(439, 310, 'Ring-2#2', 1, 0),
(440, 310, 'Trinket-1#1', 113983, 0),
(441, 310, 'Trinket-1#2', 1, 0),
(442, 310, 'Trinket-2#1', 113969, 20150322),
(443, 310, 'Trinket-2#2', 119193, 0),
(444, 276, 'Weapon-1#1', 113897, 0),
(445, 276, 'Weapon-1#2', 113965, 0),
(446, 276, 'Weapon-2#1', 113874, 0),
(447, 276, 'Weapon-2#2', 113918, 0),
(448, 276, 'Head#1', 113978, 0),
(449, 276, 'Head#2', 119312, 0),
(450, 276, 'Neck#1', 113892, 0),
(451, 276, 'Neck#2', 113865, 0),
(452, 276, 'Shoulder#1', 119314, 0),
(453, 276, 'Shoulder#2', 113924, 0),
(454, 276, 'Back#1', 113971, 0),
(455, 276, 'Back#2', 113971, 0),
(456, 276, 'Chest#1', 119315, 0),
(457, 276, 'Chest#2', 113951, 0),
(458, 276, 'Wrist#1', 113935, 0),
(459, 276, 'Wrist#2', 113962, 0),
(460, 276, 'Hands#1', 119311, 0),
(461, 276, 'Hands#2', 113949, 0),
(462, 276, 'Waist#1', 113907, 0),
(463, 276, 'Waist#2', 113964, 0),
(464, 276, 'Legs#1', 119313, 0),
(465, 276, 'Legs#2', 113989, 0),
(466, 276, 'Feet#1', 113974, 0),
(467, 276, 'Feet#2', 119340, 0),
(468, 276, 'Ring-1#1', 113917, 0),
(469, 276, 'Ring-1#2', 113877, 0),
(470, 276, 'Ring-2#1', 1, 0),
(471, 276, 'Ring-2#2', 1, 0),
(472, 276, 'Trinket-1#1', 113931, 0),
(473, 276, 'Trinket-1#2', 113985, 0),
(474, 284, 'Weapon-1#1', 113885, 0),
(475, 284, 'Weapon-1#2', 113966, 0),
(476, 284, 'Weapon-2#1', 1, 0),
(477, 284, 'Weapon-2#2', 1, 0),
(478, 284, 'Head#1', 113891, 0),
(479, 284, 'Head#2', 119321, 0),
(480, 284, 'Neck#1', 113865, 0),
(481, 284, 'Neck#2', 113892, 0),
(482, 284, 'Shoulder#1', 119322, 20150315),
(483, 284, 'Shoulder#2', 1, 0),
(484, 284, 'Back#1', 113929, 0),
(485, 284, 'Back#2', 113971, 0),
(486, 284, 'Chest#1', 119318, 20150315),
(487, 284, 'Chest#2', 1, 0),
(488, 284, 'Wrist#1', 113968, 0),
(489, 284, 'Wrist#2', 1, 0),
(490, 284, 'Hands#1', 119319, 0),
(491, 284, 'Hands#2', 113915, 0),
(492, 284, 'Waist#1', 113955, 0),
(493, 284, 'Waist#2', 113930, 0),
(494, 284, 'Legs#1', 119320, 0),
(495, 284, 'Legs#2', 1, 0),
(496, 284, 'Feet#1', 113954, 20150315),
(497, 284, 'Feet#2', 1, 0),
(498, 284, 'Ring-1#1', 113877, 0),
(499, 284, 'Ring-1#2', 113917, 0),
(500, 284, 'Ring-2#1', 1, 0),
(501, 284, 'Ring-2#2', 1, 0),
(502, 284, 'Trinket-1#1', 118114, 20150315),
(503, 284, 'Trinket-1#2', 113985, 0),
(504, 301, 'Weapon-1#1', 113988, 0),
(505, 301, 'Weapon-1#2', 113869, 0),
(506, 301, 'Head#1', 119312, 0),
(507, 301, 'Neck#1', 113872, 0),
(508, 301, 'Shoulder#1', 119314, 0),
(509, 301, 'Shoulder#2', 113928, 0),
(510, 301, 'Back#1', 113937, 0),
(511, 301, 'Chest#1', 119315, 0),
(512, 301, 'Wrist#1', 1, 0),
(513, 301, 'Wrist#2', 1, 0),
(514, 301, 'Hands#1', 113876, 0),
(515, 301, 'Waist#1', 113941, 20150319),
(516, 301, 'Legs#1', 119313, 0),
(517, 301, 'Feet#1', 113864, 0),
(518, 301, 'Feet#2', 113942, 0),
(519, 301, 'Ring-1#1', 113975, 0),
(520, 301, 'Trinket-1#1', 113984, 0),
(521, 301, 'Trinket-2#1', 113948, 0),
(522, 301, 'Ring-2#1', 1, 0),
(523, 301, 'Ring-2#2', 1, 0),
(524, 295, 'Weapon-1#2', 113973, 0),
(525, 295, 'Head#2', 1, 0),
(526, 295, 'Neck#1', 113890, 0),
(527, 295, 'Neck#2', 113872, 0),
(528, 295, 'Shoulder#1', 1, 0),
(529, 295, 'Shoulder#2', 1, 0),
(530, 295, 'Back#1', 113878, 0),
(531, 295, 'Back#2', 113945, 0),
(532, 295, 'Chest#1', 1, 0),
(533, 295, 'Chest#2', 1, 0),
(534, 295, 'Feet#1', 113888, 0),
(535, 295, 'Feet#2', 113954, 0),
(536, 295, 'Ring-1#1', 1, 0),
(537, 295, 'Ring-1#2', 1, 0),
(538, 295, 'Ring-2#1', 1, 0),
(539, 295, 'Ring-2#2', 1, 0),
(540, 295, 'Trinket-1#1', 119194, 0),
(541, 295, 'Trinket-1#2', 1, 0),
(542, 295, 'Trinket-2#1', 113948, 0),
(543, 295, 'Trinket-2#2', 1, 0),
(544, 313, 'Weapon-1#1', 113869, 0),
(545, 313, 'Weapon-1#2', 113988, 0),
(546, 313, 'Weapon-2#1', 113960, 0),
(547, 313, 'Weapon-2#2', 113879, 0),
(548, 313, 'Head#1', 119308, 0),
(549, 313, 'Neck#1', 113872, 0),
(550, 313, 'Shoulder#1', 113928, 0),
(551, 313, 'Shoulder#2', 115589, 0),
(552, 313, 'Back#1', 113937, 0),
(553, 313, 'Chest#1', 119305, 0),
(554, 313, 'Wrist#1', 119332, 0),
(555, 313, 'Wrist#2', 113887, 0),
(556, 313, 'Hands#1', 119306, 0),
(557, 313, 'Hands#2', 113876, 0),
(558, 313, 'Waist#1', 113941, 0),
(559, 313, 'Waist#2', 113967, 0),
(560, 313, 'Legs#1', 119307, 0),
(561, 313, 'Legs#2', 113970, 0),
(562, 313, 'Feet#1', 113864, 0),
(563, 313, 'Ring-1#1', 113975, 0),
(564, 313, 'Ring-1#2', 113947, 0),
(565, 313, 'Trinket-1#1', 113984, 0),
(566, 313, 'Trinket-1#2', 119194, 0),
(567, 313, 'Trinket-2#1', 113948, 0),
(568, 277, 'Weapon-1#1', 113927, 20150319),
(569, 277, 'Weapon-1#2', 1, 0),
(570, 277, 'Weapon-2#1', 113926, 0),
(571, 277, 'Weapon-2#2', 1, 0),
(572, 277, 'Head#1', 119308, 0),
(573, 277, 'Head#2', 1, 0),
(574, 277, 'Neck#1', 113952, 0),
(575, 277, 'Neck#2', 1, 0),
(576, 277, 'Shoulder#1', 119309, 20150319),
(577, 277, 'Shoulder#2', 1, 0),
(578, 277, 'Back#1', 113883, 0),
(579, 277, 'Back#2', 1, 0),
(580, 277, 'Chest#1', 119305, 20150319),
(581, 277, 'Chest#2', 1, 0),
(582, 277, 'Wrist#1', 113871, 0),
(583, 277, 'Wrist#2', 1, 0),
(584, 301, 'Weapon-2#1', 1, 0),
(585, 301, 'Weapon-2#2', 1, 0),
(586, 277, 'Hands#1', 113925, 0),
(587, 277, 'Hands#2', 1, 0),
(588, 277, 'Waist#1', 113976, 0),
(589, 277, 'Waist#2', 1, 0),
(590, 277, 'Legs#1', 119307, 0),
(591, 301, 'Head#2', 1, 0),
(592, 301, 'Neck#2', 1, 0),
(593, 301, 'Back#2', 1, 0),
(594, 301, 'Chest#2', 1, 0),
(595, 301, 'Hands#2', 1, 0),
(596, 301, 'Waist#2', 1, 0),
(597, 301, 'Legs#2', 1, 0),
(598, 301, 'Ring-1#2', 1, 0),
(599, 301, 'Trinket-1#2', 1, 0),
(600, 301, 'Trinket-2#2', 1, 0),
(601, 277, 'Feet#1', 113936, 0),
(602, 277, 'Legs#2', 1, 0),
(603, 277, 'Feet#2', 1, 0),
(604, 277, 'Ring-1#1', 113922, 0),
(605, 277, 'Ring-1#2', 1, 0),
(606, 277, 'Ring-2#1', 1, 0),
(607, 277, 'Ring-2#2', 1, 0),
(608, 277, 'Trinket-1#1', 113893, 0),
(609, 277, 'Trinket-1#2', 1, 0),
(610, 277, 'Trinket-2#1', 113905, 0),
(611, 275, 'Ring-2#1', 1, 0),
(612, 275, 'Ring-2#2', 1, 0),
(613, 313, 'Head#2', 1, 0),
(614, 313, 'Neck#2', 1, 0),
(615, 313, 'Back#2', 1, 0),
(616, 313, 'Chest#2', 1, 0),
(617, 313, 'Feet#2', 1, 0),
(618, 313, 'Ring-2#1', 1, 0),
(619, 313, 'Ring-2#2', 1, 0),
(620, 313, 'Trinket-2#2', 1, 0),
(621, 314, 'Trinket-1#1', 118114, 20150319),
(622, 316, 'Head#1', 119321, 20150319),
(623, 316, 'Weapon-1#1', 113885, 0),
(624, 316, 'Weapon-1#2', 113966, 0),
(625, 316, 'Weapon-2#1', 113885, 0),
(626, 316, 'Weapon-2#2', 113966, 0),
(627, 316, 'Neck#1', 113892, 0),
(628, 316, 'Neck#2', 113865, 0),
(629, 316, 'Shoulder#1', 119322, 0),
(630, 316, 'Shoulder#2', 113899, 0),
(631, 316, 'Back#1', 113971, 0),
(632, 316, 'Back#2', 113929, 0),
(633, 316, 'Chest#1', 119318, 0),
(634, 316, 'Chest#2', 113982, 0),
(635, 316, 'Wrist#1', 113968, 0),
(636, 316, 'Wrist#2', 119334, 0),
(637, 316, 'Hands#1', 119319, 0),
(638, 316, 'Hands#2', 113915, 0),
(639, 316, 'Waist#1', 113955, 0),
(640, 316, 'Waist#2', 113930, 0),
(641, 316, 'Legs#1', 119320, 0),
(642, 316, 'Legs#2', 113944, 0),
(643, 316, 'Feet#1', 113888, 0),
(644, 316, 'Feet#2', 113954, 0),
(645, 316, 'Ring-1#1', 113877, 0),
(646, 316, 'Ring-2#1', 113917, 0),
(647, 316, 'Trinket-1#1', 118114, 0),
(648, 316, 'Trinket-1#2', 113985, 0),
(649, 316, 'Trinket-2#1', 113931, 0),
(650, 316, 'Trinket-2#2', 113985, 0);

-- --------------------------------------------------------

--
-- Tabellenstruktur für Tabelle `config`
--

CREATE TABLE IF NOT EXISTS `config` (
  `key` varchar(120) NOT NULL,
  `value` text NOT NULL
) ENGINE=InnoDB DEFAULT CHARSET=utf8;

--
-- Daten für Tabelle `config`
--

INSERT INTO `config` (`key`, `value`) VALUES
('password', 'hameria');

-- --------------------------------------------------------

--
-- Tabellenstruktur für Tabelle `drops`
--

CREATE TABLE IF NOT EXISTS `drops` (
`id` int(7) NOT NULL,
  `member` int(7) NOT NULL,
  `item` int(7) NOT NULL,
  `date` timestamp NOT NULL DEFAULT CURRENT_TIMESTAMP
) ENGINE=InnoDB  DEFAULT CHARSET=utf8 AUTO_INCREMENT=16 ;

--
-- Daten für Tabelle `drops`
--

INSERT INTO `drops` (`id`, `member`, `item`, `date`) VALUES
(8, 316, 113867, '2015-03-19 18:26:35'),
(9, 291, 113939, '2015-03-19 19:09:55'),
(10, 275, 113959, '2015-03-19 19:23:16'),
(11, 300, 113921, '2015-03-19 20:10:10'),
(12, 301, 113920, '2015-03-19 20:12:15'),
(13, 316, 113933, '2015-03-19 21:06:41'),
(14, 299, 113965, '2015-03-22 19:17:58'),
(15, 299, 113965, '2015-03-22 19:18:03');

-- --------------------------------------------------------

--
-- Tabellenstruktur für Tabelle `items`
--

CREATE TABLE IF NOT EXISTS `items` (
  `id` int(7) NOT NULL,
  `name` varchar(450) NOT NULL
) ENGINE=InnoDB DEFAULT CHARSET=utf8;

--
-- Daten für Tabelle `items`
--

INSERT INTO `items` (`id`, `name`) VALUES
(113607, 'Butcher%27s+Terrible+Tenderizer'),
(115568, 'Helmet+of+Guiding+Light'),
(115569, 'Legplates+of+Guiding+Light'),
(115570, 'Poisoner%27s+Tunic'),
(115571, 'Poisoner%27s+Gloves'),
(115572, 'Poisoner%27s+Helmet'),
(115573, 'Poisoner%27s+Legguards'),
(115574, 'Poisoner%27s+Spaulders'),
(115575, 'Windspeaker%27s+Legwraps'),
(115576, 'Windspeaker%27s+Mantle'),
(115577, 'Windspeaker%27s+Tunic'),
(115578, 'Windspeaker%27s+Handwraps'),
(115579, 'Windspeaker%27s+Faceguard'),
(115580, 'Blackhand%27s+Legguards'),
(115581, 'Blackhand%27s+Shoulderguards'),
(115582, 'Blackhand%27s+Chestguard'),
(115583, 'Blackhand%27s+Handguards'),
(115584, 'Blackhand%27s+Faceguard'),
(115585, 'Shadow+Council%27s+Gloves'),
(115586, 'Shadow+Council%27s+Hood'),
(115587, 'Shadow+Council%27s+Leggings'),
(115588, 'Shadow+Council%27s+Robes'),
(115589, 'Shadow+Council%27s+Mantle'),
(115556, 'Helm+of+the+Somber+Gaze'),
(115557, 'Legwraps+of+the+Somber+Gaze'),
(115558, 'Vest+of+the+Somber+Gaze'),
(115559, 'Mantle+of+the+Somber+Gaze'),
(115560, 'Soul+Priest%27s+Raiment'),
(115561, 'Soul+Priest%27s+Shoulderguards'),
(115562, 'Soul+Priest%27s+Gloves'),
(115563, 'Soul+Priest%27s+Hood'),
(115564, 'Soul+Priest%27s+Leggings'),
(115565, 'Pauldrons+of+Guiding+Light'),
(115566, 'Battleplate+of+Guiding+Light'),
(115567, 'Gauntlets+of+Guiding+Light'),
(113592, 'Bileslinger%27s+Censer'),
(113939, 'Tal%27rak%2C+Bloody+Skull+of+the+Thunderlords'),
(113931, 'Beating+Heart+of+the+Mountain'),
(113877, 'Unexploded+Explosive+Shard'),
(119333, 'Bracers+of+Shattered+Limbs'),
(115535, 'Ogreskull+Boneplate+Greaves'),
(115536, 'Ogreskull+Boneplate+Pauldrons'),
(115537, 'Ogreskull+Boneplate+Breastplate'),
(115538, 'Ogreskull+Boneplate+Gauntlets'),
(115539, 'Ogreskull+Boneplate+Greathelm'),
(115540, 'Living+Wood+Raiment'),
(115541, 'Living+Wood+Grips'),
(115542, 'Living+Wood+Headpiece'),
(115543, 'Living+Wood+Legguards'),
(115544, 'Living+Wood+Spaulders'),
(115545, 'Rylakstalker%27s+Headguard'),
(115546, 'Rylakstalker%27s+Legguards'),
(115547, 'Rylakstalker%27s+Spaulders'),
(115548, 'Rylakstalker%27s+Tunic'),
(115549, 'Rylakstalker%27s+Gloves'),
(115550, 'Arcanoshatter+Robes'),
(115551, 'Arcanoshatter+Mantle'),
(115552, 'Arcanoshatter+Gloves'),
(115553, 'Arcanoshatter+Hood'),
(115554, 'Arcanoshatter+Leggings'),
(115555, 'Handwraps+of+the+Somber+Gaze'),
(113826, 'Bracers+of+the+Crying+Chorus'),
(113827, 'Belt+of+Imminent+Lies'),
(113828, 'Sea-Cursed+Leggings'),
(113829, 'Golden-Tongued+Seal'),
(113830, 'Cloak+of+Ruminant+Deception'),
(113831, 'Chestplate+of+Arcane+Volatility'),
(113832, 'Treacherous+Palms'),
(113833, 'Odyssian+Choker'),
(113834, 'Pol%27s+Blinded+Eye'),
(113835, 'Shards+of+Nothing'),
(113836, 'Ko%27ragh%27s+Boot+Knife'),
(113837, 'Rod+of+Fel+Nullification'),
(113838, 'Gar%27tash%2C+Hammer+of+the+Breakers'),
(113839, 'Leggings+of+Broken+Magic'),
(113840, 'Destablized+Sandals'),
(113841, 'Ko%27ragh%27s+Family+Locket'),
(113842, 'Emblem+of+Caustic+Healing'),
(113843, 'Spell-Sink+Signet'),
(113844, 'Bracers+of+Mirrored+Flame'),
(113845, 'Rune-Enscribed+Hood'),
(113846, 'Seal+of+Unbound+Frost'),
(113847, 'Cloak+of+Searing+Shadows'),
(113848, 'Gor%27gah%2C+High+Blade+of+the+Gorians'),
(113849, 'Face+Kickers'),
(113850, 'Robes+of+the+Arcane+Ultimatum'),
(113851, 'Reaver%27s+Nose+Ring'),
(113852, 'Force+Nova+Cloak'),
(113853, 'Captive+Micro-Aberration'),
(113854, 'Mark+of+Rapid+Replication'),
(113855, 'Uncrushable+Shoulderplates'),
(113856, 'Nether+Blast+Leggings'),
(113857, 'Staff+of+the+Grand+Imperator'),
(113858, 'Choker+of+Violent+Displacement'),
(113859, 'Quiescent+Runestone'),
(113860, 'Shockwave+Signet'),
(113861, 'Evergaze+Arcane+Eidolon'),
(113862, 'Taner%27s+Terrible+Spine'),
(113863, 'Gronn-Skin+Crown'),
(113864, 'Cavedweller%27s+Climbers'),
(113865, 'Darklight+Necklace'),
(113866, 'Phosphorescent+Seal'),
(113867, 'Spaulders+of+Reflected+Stone'),
(113868, 'Flare-Eyed+Hood'),
(113869, 'Inferno-Flame+Staff'),
(113870, 'Vest+of+Forceful+Fury'),
(113871, 'Bracers+of+Martial+Perfection'),
(113872, 'Gruul%27s+Lip+Ring'),
(113873, 'Gronn-Stitched+Greatcloak'),
(113874, 'Oregorger%27s+Acid-Etched+Gutripper'),
(113875, 'Corrosion-Proof+Legguards'),
(113876, 'Toothbreaker+Grips'),
(113878, 'Barrage+Dodger+Cloak'),
(113879, 'Caged+Living+Ooze'),
(113880, 'Acidic+Jaws'),
(113881, 'Chestplate+of+Rolling+Fury'),
(113882, 'Glutton%27s+Kerchief'),
(113883, 'Ravenous+Greatcloak'),
(113884, 'Unstable+Slag+Shoulderplates'),
(113885, 'Mouth+of+The+Fury'),
(113886, 'Crescent+of+Living+Magma'),
(113887, 'Bracers+of+Spattered+Steel'),
(113888, 'Slagstomper+Treads'),
(113889, 'Elementalist%27s+Shielding+Talisman'),
(113890, 'Feldspar%27s+Control+Choker'),
(113891, 'Blast-Proof+Cowl'),
(113892, 'Engineer%27s+Grounded+Gorget'),
(113893, 'Blast+Furnace+Door'),
(113894, 'Lava-Dipped+Greathelm'),
(113895, 'Furnace+Tender%27s+Treads'),
(113896, 'Fleshmelter+Bracers'),
(113897, 'Hans%27gar%27s+Forgehammer'),
(113898, 'Eye-Catching+Gilded+Robe'),
(113899, 'Neckbreaker+Shoulderguards'),
(113900, 'Vertebrae+Protector'),
(113901, 'Six-Eyed+Band'),
(113902, 'Chestguard+of+Unending+Roars'),
(113903, 'Giant+Pumpers'),
(113904, 'Franzok%27s+Headsmasher'),
(113905, 'Tablet+of+Turnbuckle+Teamwork'),
(113906, 'Gauntlets+of+Dramatic+Blows'),
(113907, 'Girdle+of+Unconquered+Glory'),
(113908, 'Razoredge+Blade+Ring'),
(113910, 'Hardened+Greathelm'),
(113913, 'Ka%27graz%27s+Burning+Blade'),
(113914, 'Leggings+of+the+Molten+Torrent'),
(113915, 'Grips+of+Rekindling'),
(113916, 'Charbreath+Firecloak'),
(113917, 'Cinderwolf+Signet'),
(113918, 'Molten+Edge+Eviscerator'),
(113919, 'Treads+of+Rekindled+Flames'),
(113920, 'Dagger+of+Blazing+Radiance'),
(113921, 'Firestorm+Legplates'),
(113922, 'Seal+of+Unquenchable+Flame'),
(113923, 'Fiery+Links+of+Courage'),
(113924, 'Flamebender%27s+Shoulderguards'),
(113925, 'Flamefury+Gauntlets'),
(113926, 'Kromog%27s+Protecting+Palm'),
(113927, 'Kromog%27s+Brutal+Fist'),
(113928, 'Earthripple+Shoulderpads'),
(113929, 'Cloak+of+Delving+Secrets'),
(113930, 'Earthgrasp+Girdle'),
(113932, 'Talisman+of+the+Fomor'),
(113933, 'Stonewarper+Wraps'),
(113934, 'Fang+of+the+Earth'),
(113935, 'Bracers+of+Shattered+Stalactites'),
(113936, 'Sabatons+of+Fractal+Earth'),
(113937, 'Runefrenzy+Greatcloak'),
(113938, 'Stonefist+Band'),
(113940, 'Seal+of+the+Savage+Howl'),
(113941, 'Seeking+Ember+Girdle'),
(113942, 'Inferno+Breath+Sandals'),
(113943, 'Bracers+of+the+Wolf%27s+Cunning'),
(113944, 'Legguards+of+the+Stampede'),
(113945, 'Flame+Infusion+Drape'),
(113946, 'Heart+of+the+Clefthoof'),
(113947, 'Epicenter+Loop'),
(113948, 'Darmac%27s+Unstable+Talisman'),
(113949, 'Cannonball+Loader%27s+Grips'),
(113950, 'Ironcrusher%27s+Collar'),
(113951, 'Unrendable+Wolfhide+Robes'),
(113952, 'Choker+of+Bestial+Force'),
(113953, 'Thogar%27s+Control+Rod'),
(113954, 'Railwalker%27s+Ratcheted+Boots'),
(113955, 'Grenadier%27s+Belt'),
(113956, 'Bracers+of+Enkindled+Power'),
(113957, 'Firemender%27s+Smoldering+Signet'),
(113958, 'Woundsear+Robes'),
(113959, 'Thogar%27s+Serrated+Chain'),
(113960, 'Engine-Stoker%27s+Lantern'),
(113961, 'Iron+Bellow+Sabatons'),
(113962, 'Squire%27s+Electroplated+Bracers'),
(113963, 'Siege+Bomber%27s+Band'),
(113964, 'Conductor%27s+Multi-Pocket+Girdle'),
(113965, 'Sorka%27s+Chainfist'),
(113966, 'Gar%27an%27s+Brutal+Spearlauncher'),
(113967, 'Deckhand%27s+Rope+Belt'),
(113968, 'Bloodwhirl+Bracers'),
(113969, 'Vial+of+Convulsive+Shadows'),
(113970, 'Turret+Mechanic%27s+Legwraps'),
(113971, 'Drape+of+the+Dark+Hunt'),
(113972, 'Cloak+of+Sanguine+Terror'),
(113973, 'Koloch+Na%2C+the+Blood+Feast'),
(113974, 'Treads+of+the+Dark+Hunt'),
(113975, 'Uk%27urogg%27s+Corrupted+Seal'),
(113976, 'Uktar%27s+Belt+of+Chiming+Rings'),
(113977, 'Bloodsoaked+Heart+Protector'),
(113978, 'Sorka%27s+Nightshade+Cowl'),
(113979, 'The+Black+Hand'),
(113980, 'Iron+Soldier%27s+Saber'),
(113981, 'Slagbomber%27s+Hood'),
(113982, 'Chestguard+of+the+Siegemaker'),
(113983, 'Forgemaster%27s+Insignia'),
(113984, 'Blackiron+Micro+Crucible'),
(113985, 'Humming+Blackiron+Trigger'),
(113986, 'Auto-Repairing+Autoclave'),
(113987, 'Battering+Talisman'),
(113988, 'Blackhand+Doomstaff'),
(113989, 'Shattering+Smash+Leggings'),
(113990, 'Overdriven+Spaulders'),
(120077, 'Choker+of+Bloody+Flame'),
(120078, 'Runescribed+Gronncloak'),
(119192, 'Ironspike+Chew+Toy'),
(119193, 'Horn+of+Screaming+Spirits'),
(119194, 'Goren+Soul+Repository'),
(119305, 'Chest+of+the+Iron+Conqueror'),
(119306, 'Gauntlets+of+the+Iron+Conqueror'),
(119307, 'Leggings+of+the+Iron+Conqueror'),
(119308, 'Helm+of+the+Iron+Conqueror'),
(119309, 'Shoulders+of+the+Iron+Conqueror'),
(119310, 'Essence+of+the+Iron+Conqueror'),
(119311, 'Gauntlets+of+the+Iron+Vanquisher'),
(119312, 'Helm+of+the+Iron+Vanquisher'),
(119313, 'Leggings+of+the+Iron+Vanquisher'),
(119314, 'Shoulders+of+the+Iron+Vanquisher'),
(119315, 'Chest+of+the+Iron+Vanquisher'),
(119316, 'Essence+of+the+Iron+Vanquisher'),
(119318, 'Chest+of+the+Iron+Protector'),
(119319, 'Gauntlets+of+the+Iron+Protector'),
(119320, 'Leggings+of+the+Iron+Protector'),
(119321, 'Helm+of+the+Iron+Protector'),
(119322, 'Shoulders+of+the+Iron+Protector'),
(119323, 'Essence+of+the+Iron+Protector'),
(119331, 'Bracers+of+Visceral+Force'),
(119332, 'Bracers+of+Darkened+Skies'),
(119334, 'Bracers+of+Callous+Disregard'),
(119335, 'Eyeripper+Girdle'),
(119336, 'Cord+of+Winsome+Sorrows'),
(119337, 'Ripswallow+Plate+Belt'),
(119338, 'Belt+of+Inebriated+Sorrows'),
(119339, 'Treads+of+the+Veteran+Smith'),
(119340, 'Iron-Flecked+Sandals'),
(119341, 'Doomslag+Greatboots'),
(119342, 'Furnace+Stoker%27s+Footwraps'),
(119343, 'Eye-Blinder+Greatcloak'),
(119344, 'Magic-Breaker+Cape'),
(119345, 'Milenah%27s+Intricate+Cloak'),
(119346, 'Kyu-Sy%27s+Tarflame+Doomcloak'),
(119347, 'Gill%27s+Glorious+Windcloak'),
(118114, 'Meaty+Dragonspine+Trophy'),
(113598, 'Champion%27s+Medallion'),
(113591, 'The+Bladefist'),
(113593, 'Grips+of+Vicious+Mauling'),
(113595, 'Treads+of+Sand+and+Blood'),
(113596, 'Vilebreath+Mask'),
(113599, 'Grunt%27s+Solid+Signet'),
(113600, 'Casque+of+the+Iron+Bomber');

-- --------------------------------------------------------

--
-- Tabellenstruktur für Tabelle `members`
--

CREATE TABLE IF NOT EXISTS `members` (
`id` int(11) NOT NULL,
  `name` varchar(450) NOT NULL,
  `realm` varchar(100) NOT NULL,
  `locked` int(7) NOT NULL
) ENGINE=InnoDB  DEFAULT CHARSET=utf8 AUTO_INCREMENT=318 ;

--
-- Daten für Tabelle `members`
--

INSERT INTO `members` (`id`, `name`, `realm`, `locked`) VALUES
(272, 'Ayn', 'Nazjatar', 1),
(273, 'Snusnu', 'Nazjatar', 1),
(274, 'Velkoz', 'Nazjatar', 1),
(275, 'Torxer', 'Zuluhed', 1),
(276, 'Fonsie', 'Nazjatar', 1),
(277, 'Awâkê', 'Anub''arak', 1),
(278, 'Patizz', 'Nazjatar', 1),
(279, 'Patiz', 'Frostmourne', 1),
(280, 'Jolie', 'Frostmourne', 1),
(281, 'Sydneeyy', 'Nazjatar', 1),
(282, 'Yorrick', 'Nazjatar', 1),
(283, 'Caladwen', 'Nazjatar', 1),
(284, 'Neowald', 'Nazjatar', 1),
(285, 'Georgeboony', 'Nazjatar', 1),
(286, 'Bregam', 'Nazjatar', 1),
(287, 'Amaviel', 'Nazjatar', 1),
(288, 'Bladelord', 'Nazjatar', 1),
(289, 'Kratzzbaum', 'Nazjatar', 1),
(290, 'Schmyie', 'Nazjatar', 1),
(291, 'Hanabi', 'Nazjatar', 1),
(292, 'Aerial', 'Nazjatar', 1),
(293, 'Faarooq', 'Nazjatar', 1),
(294, 'Icecrush', 'Nazjatar', 1),
(295, 'Sharák', 'Nazjatar', 1),
(296, 'Skaladina', 'Nazjatar', 1),
(297, 'Splatzerd', 'Nazjatar', 1),
(298, 'Nervkind', 'Nazjatar', 1),
(299, 'Proq', 'Nazjatar', 1),
(300, 'Vyas', 'Nazjatar', 1),
(301, 'Whizzig', 'Nazjatar', 1),
(302, 'Ishtor', 'Zuluhed', 1),
(303, 'Hirntød', 'Nazjatar', 1),
(304, 'Perq', 'Nazjatar', 1),
(305, 'Saku', 'Nazjatar', 1),
(306, 'Adrianmônk', 'Nazjatar', 1),
(307, 'Malefor', 'Zuluhed', 1),
(308, 'Vyale', 'Nazjatar', 1),
(309, 'Retrøgott', 'Nazjatar', 1),
(310, 'Shaiýa', 'Nazjatar', 1),
(311, 'Tigu', 'Zuluhed', 1),
(312, 'Luaýa', 'Nazjatar', 1),
(313, 'Rásul', 'Zuluhed', 1),
(314, 'Alekon', 'Nazjatar', 0),
(315, 'Angéløv', '', 1),
(316, 'Wüste', 'Nazjatar', 0),
(317, 'Bacøn', 'Nazjatar', 1);

-- --------------------------------------------------------

--
-- Tabellenstruktur für Tabelle `ranks`
--

CREATE TABLE IF NOT EXISTS `ranks` (
  `id` int(7) NOT NULL,
  `rank` varchar(150) NOT NULL,
  `display` int(11) NOT NULL
) ENGINE=InnoDB DEFAULT CHARSET=utf8;

--
-- Daten für Tabelle `ranks`
--

INSERT INTO `ranks` (`id`, `rank`, `display`) VALUES
(0, 'Guild Master', 1),
(1, 'Bank Babo', 1),
(2, 'Officer', 1),
(3, 'Member', 1),
(4, 'Twink', 0),
(5, 'Scrub', 1);

--
-- Indexes for dumped tables
--

--
-- Indexes for table `bis`
--
ALTER TABLE `bis`
 ADD PRIMARY KEY (`id`), ADD UNIQUE KEY `id` (`id`);

--
-- Indexes for table `drops`
--
ALTER TABLE `drops`
 ADD PRIMARY KEY (`id`);

--
-- Indexes for table `members`
--
ALTER TABLE `members`
 ADD PRIMARY KEY (`id`);

--
-- Indexes for table `ranks`
--
ALTER TABLE `ranks`
 ADD PRIMARY KEY (`id`);

--
-- AUTO_INCREMENT for dumped tables
--

--
-- AUTO_INCREMENT for table `bis`
--
ALTER TABLE `bis`
MODIFY `id` int(11) NOT NULL AUTO_INCREMENT,AUTO_INCREMENT=651;
--
-- AUTO_INCREMENT for table `drops`
--
ALTER TABLE `drops`
MODIFY `id` int(7) NOT NULL AUTO_INCREMENT,AUTO_INCREMENT=16;
--
-- AUTO_INCREMENT for table `members`
--
ALTER TABLE `members`
MODIFY `id` int(11) NOT NULL AUTO_INCREMENT,AUTO_INCREMENT=318;
/*!40101 SET CHARACTER_SET_CLIENT=@OLD_CHARACTER_SET_CLIENT */;
/*!40101 SET CHARACTER_SET_RESULTS=@OLD_CHARACTER_SET_RESULTS */;
/*!40101 SET COLLATION_CONNECTION=@OLD_COLLATION_CONNECTION */;
